account_name,type,income,expenses,net,count
Huntington Bank Checking,bank,9801.33,9797.91,3.4200000000000728,30
Chase Freedom Unlimited,credit,3569.9700000000003,3022.8399999999997,547.1300000000006,54
Chase Freedom Flex,credit,140.63,182.51,-41.879999999999995,8
