category,total,count,percentage
Other,9363.41,14,72.00817333499445
Shopping,2309.46,12,17.76062310528283
Groceries,434.57,10,3.342008081050444
Food & Drink,426.31,26,3.2784855490084794
Entertainment,183.57,7,1.4117229064096233
Gas,182.51,7,1.4035711044768773
Travel,55.99,2,0.43058433039099425
Public Transportation,25.0,1,0.19225947954589848
Bills & Utilities,14.76,1,0.11350999672389847
Professional Services,7.68,1,0.05906211211650002
