year,month,income,expenses,net,period
2025,8,0.0,1333.97,-1333.97,2025-08
2025,9,7679.18,5921.96,1757.2200000000003,2025-09
2025,10,5832.75,5608.33,224.42000000000007,2025-10
2025,11,0.0,139.0,-139.0,2025-11
