account_name,type,income,expenses,net,count
Huntington Bank Checking,bank,48976.28999999999,51002.14000000001,-2025.850000000013,139
Chase Freedom Unlimited,credit,3569.9700000000003,3022.8399999999997,547.1300000000006,54
Chase Freedom Flex,credit,3162.6299999999997,2303.33,859.2999999999997,39
Robinhood Gold Card,credit,1792.8600000000001,1019.04,773.8200000000002,54
